{"mtx": [[1737.504190270376, 0.0, 509.9254434524261], [0.0, 1740.595585847712, 134.7477499927375], [0.0, 0.0, 1.0]], "dist": [[-0.02335224704237228, -0.11501346915166312, -0.00472249760228888, -0.00816909527066323, 0.2160946082578907]]}